Pay_in_INR,Gender,Score in Tenth,Score in Twelth,CollegeTier,GPA Score in Graduation,Score in English language,Score in Logical skill,Score in Quantitative ability,Score in Domain,Score in ComputerProgramming
400000,m,67.6,70.2,2,60.93,525,495,555,0.694479328,-100
145000,f,71,64,2,81,615,455,355,0.486747008,335
200000,f,75,66.8,2,68.5,370,470,260,0.3217565,385
300000,f,85,69,2,75,605,440,445,0.3423149,365
530000,m,88.64,65.16,2,74.81,435,485,465,0.864685413,525
70000,m,67.75,61.5,2,76.1,450,355,295,0.670743151,455
320000,m,54.5,61.6,2,70,405,395,605,0.600057182,435
180000,m,69,81.4,2,69.68,425,515,565,0.622642916,525
500000,f,94,88,1,71.4,755,545,585,0.81941653,505
295000,m,75.2,84.6,2,68.8,415,545,545,0.654107475,-100
320000,m,72.6,71.4,2,67,685,595,690,0.842248322,575
300000,m,81,67.7,2,67.7,510,480,705,0.916869961,555
205000,f,66,68,2,71,500,555,605,0.911395278,465
200000,m,71.17,72.4,2,69.68,505,445,435,0.864685413,525
300000,f,79.5,76,2,76,475,570,595,0.356536488,505
230000,f,76,58,2,74,405,510,330,0.356536488,435
260000,m,58,65,2,69.8,445,385,405,0.704090412,465
435000,m,85,64,2,65,465,505,515,0.53586282,-100
200000,f,90.01,82.83,2,76,465,370,450,0.842248322,445
405000,m,81,88.7,2,69.03,415,445,554,0.450876585,395
460000,m,77.6,82.6,2,77,565,525,655,0.714529363,-100
370000,m,91.52,81,2,76.7,465,545,485,0.377551419,375
205000,m,76,68.2,2,70,615,485,525,-1,445
155000,m,71,66,2,74.5,325,375,315,0.2766565,325
390000,m,77,62,2,63.5,495,505,515,0.563267824,425
305000,f,78.8,70,2,77.6,545,505,485,0.3107565,405
540000,m,86,75,2,79,445,355,385,0.525922584,415
180000,f,82.2,76,2,76.62,450,450,365,0.356536488,395
180000,m,79,56,2,60,415,485,500,0.840840969,-100
405000,m,87,67,2,67,435,335,435,0.654107475,-100
300000,m,86.4,79.8,2,72.5,675,495,445,0.799848205,-100
300000,m,92.3,83.6,2,80.16,615,560,635,0.557389506,345
220000,m,75.77,70.8,2,70.5,440,495,500,0.942116552,575
120000,m,73.8,60.2,2,69.74,520,570,485,0.486747008,425
300000,f,88,88,2,70.12,710,605,605,0.744758354,405
145000,m,87.07,71.5,2,76,440,365,235,0.622642916,365
100000,f,85,73,2,77,355,405,305,0.3690565,315
105000,m,84.93,81.5,2,65.18,640,520,465,-1,-100
305000,m,83,73,2,61.85,545,580,500,0.911395278,435
120000,f,67,61,2,75,370,410,320,0.488347977,405
65000,f,78,72,2,74.6,545,570,455,0.600057182,435
325000,m,78.1,72.6,2,74.8,450,425,485,0.694479328,-100
315000,m,94.2,89.8,2,80.6,475,525,665,0.938399137,345
300000,f,87.52,71.5,2,61.28,535,540,345,0.756180114,295
200000,f,87,96.5,2,78.56,490,580,535,0.493596387,-100
300000,m,77.8,74,2,67.3,554,595,544,0.901489571,545
500000,m,75.38,72,2,68.75,325,495,565,0.376059587,-100
305000,f,78,66.6,2,63,585,315,455,0.519863918,-100
145000,m,83,76,2,77,385,425,435,0.81941653,505
120000,f,70.61,72.66,2,75.16,525,460,605,0.744758354,-100
180000,m,65.8,76.8,2,77.5,430,495,470,0.938399137,-100
100000,m,58,52,2,61,455,385,345,0.413838256,385
300000,f,82,79,2,74,475,375,545,0.356536488,415
420000,f,85,95,2,77.5,575,635,565,0.843123727,515
210000,m,89.76,84.17,2,68.01,555,525,425,0.765673581,485
200000,m,76.53,85,2,66.8,335,385,325,0.3085565,-100
240000,m,48,51.4,1,77,395,410,430,0.875503907,-100
430000,m,83,82,2,71,425,465,470,-1,-100
275000,m,83.6,81,1,70,665,495,440,0.356536488,385
300000,m,79.85,72,2,61,630,460,415,0.622642916,475
325000,m,92,88.8,2,73,640,645,690,0.356536488,535
370000,m,81.6,72.2,2,65,665,525,595,0.755375121,345
360000,m,84,82,2,77.5,725,435,615,-1,-100
180000,m,76.7,90.1,2,78,570,555,545,0.744758354,485
310000,m,81.5,80.2,2,82,430,510,415,0.3423149,365
185000,m,54,61,2,71.23,640,485,485,0.450876585,395
175000,m,87.4,86.6,2,78.4,485,475,620,0.824666401,505
120000,m,83.5,87.3,2,64.7,425,575,645,-1,105
325000,m,73,61,2,72,555,495,575,0.2975565,285
300000,f,75,71.6,2,75.04,465,535,555,0.649389715,345
400000,f,72,68.5,2,74,580,580,400,0.635978757,445
180000,m,85,79,2,66,605,515,555,0.704090412,465
325000,m,77.6,77.4,2,72,630,520,355,0.842248322,645
325000,f,85,68.2,2,70,615,545,370,0.450876585,395
320000,m,64,62.8,2,71,580,435,370,-1,-100
100000,f,87,77,2,69,675,510,545,0.3833565,465
305000,f,94,94.75,2,89,545,425,470,0.557389506,435
550000,m,52,55,2,68,345,455,335,0.3723565,335
350000,m,83.5,87.2,2,79.95,580,615,510,0.953899775,485
500000,m,70.67,67.8,2,69.3,545,665,705,0.901489571,545
340000,m,84.8,89.2,2,72,605,595,675,0.824666401,-100
80000,f,67.12,56.8,2,72.8,440,410,135,0.3448565,-100
470000,f,65.3,74,2,89,505,555,715,0.953899775,585
375000,m,92,90,2,75,535,630,515,0.911395278,505
215000,m,70.83,71,2,62.71,605,385,435,0.3745565,305
325000,m,76.5,81.8,1,76.4,380,645,620,0.991230625,675
100000,m,79.67,72.67,2,69.53,525,425,570,0.622642916,585
95000,m,68,70,2,64,395,555,475,0.3811565,525
240000,m,88,83,2,72,625,555,590,0.3074565,345
160000,m,83,63,2,66,450,495,515,0.3690565,375
715000,m,83.43,73.4,2,76.99,565,615,515,0.990008757,655
495000,f,91.4,93,2,70.8,475,665,605,0.793580615,495
200000,f,88.8,69.4,2,75.3,615,495,450,0.783303537,-100
360000,m,78.5,82,2,77,425,425,435,0.525922584,415
320000,m,90.8,84.8,2,67.87,545,565,525,-1,525
450000,m,90.6,91.3,2,78.56,485,495,535,0.563267824,425
205000,m,89.4,94.5,2,74,490,445,405,0.2942565,385
155000,m,77,85,2,68,545,370,415,-1,345
250000,m,76.8,65,2,66.6,435,464,525,0.563267824,425
300000,f,81,66.3,2,76.3,675,510,400,0.622642916,415
160000,m,87.8,83.8,2,80,310,535,470,-1,-100
330000,f,92,93.8,2,84,545,460,475,0.793580615,495
200000,m,79,71.3,2,69.4,560,505,440,0.423951396,-100
530000,m,63,55,2,66,355,295,465,-1,-100
200000,m,56.16,54.08,2,61.28,465,495,355,0.649389715,355
210000,m,67,72,2,71.3,640,525,400,0.654107475,-100
475000,f,93.43,55.66,2,67.76,705,595,375,0.3360565,375
350000,m,87.4,90.2,1,76.1,535,485,560,0.744758354,535
450000,f,92,71,2,76,385,475,445,0.488347977,405
290000,f,85,80.6,2,71.06,640,475,560,0.413838256,385
120000,f,78,51.3,2,74.8,435,505,475,0.413838256,385
105000,m,65,75.6,2,62,350,480,465,0.450876585,395
120000,f,74,60,2,71.88,415,535,485,0.450876585,395
435000,m,76.66,80,2,75.21,545,525,750,0.960903087,595
400000,m,85.46,82.5,2,62,495,505,625,0.983749967,635
450000,m,90.56,88,2,78.54,485,585,535,0.694479328,-100
300000,m,89.4,88.4,2,77.67,590,555,560,0.974396113,615
180000,m,67.5,63.6,2,61.65,545,425,605,0.450876585,395
180000,m,87.2,71.67,2,74.55,325,470,470,0.356536488,505
470000,m,72,62,2,75,385,395,455,0.450876585,395
325000,m,77,66.8,2,78,465,525,645,0.783303537,275
2020000,m,72,70,2,78,430,400,235,0.2678565,325
145000,m,81.8,63.6,2,63.18,500,545,485,0.538386893,-100
450000,f,71,74,1,88,505,385,475,0.843123727,515
120000,m,90,94.5,2,72.69,490,455,450,0.2997565,-100
400000,m,83,85,2,63,455,405,464,0.635978757,445
290000,m,92.16,93.7,2,79.98,560,480,665,0.649389715,375
240000,m,53.4,66,2,60.62,300,520,330,0.744758354,335
180000,m,62.1,66,2,74.74,300,410,430,0.2667565,-100
660000,m,63.16,60.6,2,66,605,545,525,0.3514565,315
400000,f,85.6,84.4,2,71.8,755,425,605,0.899843844,544
335000,m,92.4,82.4,2,71.16,590,525,705,0.661834476,315
200000,m,71.04,81.33,2,74.04,335,540,415,0.622642916,435
120000,m,79,89.2,2,71,370,505,330,0.563267824,425
380000,m,80.4,92.25,2,67.22,755,620,570,-1,595
70000,m,70.25,68.6,2,80.02,250,460,385,0.3789565,365
150000,m,70.16,66.8,2,69.7,275,485,530,0.486747008,475
150000,m,70.3,89.1,2,68.18,505,440,565,-1,-100
150000,f,93,89,2,83,345,495,325,0.622642916,445
180000,m,82.2,81,1,81,395,425,460,0.783303537,525
400000,m,87.6,80.8,2,73.2,645,575,525,0.998680246,525
240000,f,69.17,65,2,71.78,510,470,370,0.525922584,415
120000,m,66.6,68.6,2,60.22,425,595,475,0.3536565,-100
105000,f,84.4,79.8,2,75.15,440,530,450,-1,-100
1500000,m,90.2,84.8,1,66.23,545,670,680,0.842248322,725
310000,m,75,61.7,2,79,365,365,425,0.377551419,375
445000,m,84,71,2,65,615,534,415,0.942116552,575
240000,m,86.3,89.7,2,71,360,460,430,0.744758354,515
120000,m,67,63,2,62.9,395,365,315,0.2733565,-100
180000,m,77.5,83,2,64.5,430,555,455,0.52911566,-100
180000,m,62.3,75.6,1,73.12,525,460,570,0.943272158,-100
180000,m,73.6,66.6,2,76,395,465,500,0.486747008,445
180000,m,63,69.32,2,71,335,350,345,0.2766565,355
380000,m,82,79.6,2,64.8,485,555,605,0.414337426,-100
445000,m,86.2,60.2,2,65.2,545,505,695,0.884122512,535
300000,m,76.6,72.2,2,78.84,475,475,425,0.8295846,-100
365000,m,92.6,83.8,1,84.6,650,545,665,0.978799293,585
255000,m,82,91.9,2,63,495,505,625,0.925140312,-100
540000,m,76,76,2,66,665,365,375,0.488347977,405
415000,m,86.83,75.2,1,67.7,685,510,705,0.3437565,365
180000,m,68,62.8,2,70.1,435,425,494,0.377551419,375
500000,m,84,90.3,2,81,405,465,565,0.490636956,415
1745000,m,87.6,79.8,2,83.4,710,655,840,0.538386893,-100
570000,m,67.16,72,2,76.02,590,545,695,0.942116552,575
240000,f,83,74,2,86,535,485,500,0.538386893,415
120000,m,85,85.6,2,80,630,510,485,0.622642916,585
350000,m,61.6,57.83,2,65.12,655,425,555,0.635978757,445
600000,m,86.4,93.6,1,72.3,800,570,500,0.986525019,-100
320000,m,88.7,89.6,2,81.7,625,705,795,0.916869961,555
120000,m,63.6,53.6,2,60,545,395,465,0.81941653,505
390000,m,81.6,81.8,2,65.2,545,620,885,0.979521744,625
210000,m,74.8,63.4,2,68.28,510,450,455,0.3030565,325
145000,m,66.5,66.4,2,66,500,560,560,0.376059587,-100
110000,m,81.83,89.1,2,65.4,465,510,450,-1,-100
510000,m,88.76,85.2,1,78.16,615,555,765,0.930370607,565
105000,m,77.7,64.1,2,76.2,475,385,405,0.377551419,375
400000,m,70,75,2,70,355,425,435,0.3030565,-100
200000,f,51.36,73.3,2,69.2,365,385,315,0.413838256,385
180000,m,83,81,2,79.2,440,655,705,0.837620726,285
620000,m,87.16,86.9,2,78.53,535,485,555,0.735795709,475
205000,f,64,60,2,65,665,555,310,0.450876585,395
330000,m,71.2,85.5,2,74,625,520,325,0.2931565,335
120000,f,67.06,70.67,2,58.4,440,440,385,0.3657565,435
335000,f,86.3,71.8,2,86.3,535,485,595,0.493596387,585
105000,f,77.4,68.8,2,75.16,625,500,560,0.758379883,-100
260000,m,57.67,74,2,76.26,555,495,810,0.843123727,515
145000,m,59.57,55,2,88,395,540,535,0.992259189,665
145000,m,61.3,63,2,6.95,465,485,565,0.635978757,445
180000,m,73.1,74.6,2,68.1,455,480,415,0.943272158,-100
300000,f,68.5,61.85,2,75.81,365,355,415,0.670743151,455
500000,m,90.4,97.5,2,87.1,555,625,595,0.3305565,555
170000,m,85.6,75.6,2,70,525,505,645,0.538386893,-100
295000,m,72.3,82.6,2,60.45,435,445,544,0.2788565,355
310000,m,82.8,89.2,2,75,405,395,500,0.88162007,705
240000,m,90.81,94.91,2,83.4,555,520,370,0.3767565,445
220000,m,83,72,2,75,380,595,680,0.2909565,-100
180000,m,76.6,82.2,2,76.8,485,525,505,0.3349565,395
570000,m,87,80,2,84,525,505,450,0.356536488,525
305000,m,68.8,86,2,76.05,570,535,590,0.978799293,515
325000,m,90,95,2,76.5,735,455,430,0.2634565,-100
325000,f,86.4,85.4,2,77,640,530,430,-1,96
180000,f,79,75.69,1,67.6,510,545,570,0.486747008,555
350000,f,77,63,2,73.6,590,375,560,0.377551419,375
95000,m,81,71,2,74,500,500,545,0.670743151,455
180000,f,86,87.7,2,82.33,490,505,390,0.3690565,475
335000,m,77,66,2,78,580,530,465,0.3426565,405
315000,f,88.4,79.2,1,69.54,525,705,524,-1,-100
350000,m,88,75,2,70,595,625,585,0.622642916,495
120000,m,79.6,72.5,2,62.28,640,625,595,0.996744487,495
120000,m,59.33,72.77,2,75.96,545,630,500,0.842248322,465
110000,m,67,64,2,62,325,370,260,0.3558565,315
335000,f,83.4,90.4,1,86.6,485,585,650,0.824666401,-100
300000,m,59,60,2,67,485,645,515,0.765673581,485
200000,f,84.96,56.17,2,60.78,465,470,310,0.600057182,435
180000,m,64.4,79.2,2,70.14,560,545,595,0.81941653,505
215000,m,86,68.69,2,82.5,445,475,485,0.563267824,425
180000,m,69,89.2,2,62.6,325,465,475,0.910770164,325
240000,m,67.33,64,1,80,465,495,450,0.994050872,675
390000,m,85.2,79.4,2,70,585,595,575,0.81941653,505
45000,m,67,82.6,2,67.96,395,435,405,0.824666401,215
335000,m,85,88.3,2,75.52,545,655,445,0.3525565,385
360000,m,87.88,89,2,76.6,510,460,680,0.930370607,565
365000,f,70,69,2,76.11,565,445,625,-1,465
180000,m,76,74,2,77,475,500,500,0.839686084,-100
105000,m,86.17,83.9,2,68,430,400,465,0.3074565,315
550000,f,70.3,63.2,2,66.6,375,435,485,0.840840969,-100
220000,m,75,75,2,73,310,450,500,0.2843565,335
120000,m,70,62.16,2,70.88,505,395,385,0.538386893,405
460000,m,87.81,92.08,2,84.5,535,585,415,0.670743151,455
190000,m,73.5,67,2,66.6,555,520,500,0.793580615,495
275000,m,81,67.2,2,67.3,685,625,635,0.842248322,565
300000,m,76.17,78,2,73.17,535,510,620,0.942116552,575
100000,f,88,81,2,78.5,450,535,415,0.525922584,415
120000,f,88,87.8,1,76.3,660,495,590,0.824666401,475
175000,f,91.3,90.7,2,71.65,525,520,450,0.3118565,455
315000,f,83,84.9,2,69.4,525,460,405,0.3690565,475
645000,m,86.6,77.6,2,65.57,605,545,565,0.862625475,524
335000,m,92.4,88.75,2,87.8,570,445,485,0.486747008,545
180000,m,81,68,2,63.4,570,435,265,0.744758354,365
190000,m,73,76.2,2,61.5,435,285,355,0.2931565,335
335000,f,90,87,2,76,554,455,495,0.377551419,375
350000,m,63,61,2,61,555,435,475,-1,-100
240000,m,77.67,76.62,2,66.2,325,560,485,0.843123727,515
335000,m,80,77,2,75,545,555,765,0.824666401,-100
300000,f,76,88,2,67,520,620,665,0.864685413,525
100000,m,90.2,72.8,2,74,625,525,430,0.600057182,435
280000,m,79.8,80,2,63,625,575,535,0.930370607,565
360000,m,65,66,2,60.23,505,435,445,0.525922584,415
415000,f,78.08,62.5,2,84.3,405,545,365,0.793580615,495
300000,m,69.85,64.6,2,79.6,380,485,705,0.837620726,375
300000,f,96,92,2,80,315,475,565,0.694479328,265
320000,m,83.3,81,2,71.72,755,555,605,0.44619825,455
240000,f,73.8,66.6,2,70.41,570,630,545,0.911395278,445
340000,m,90.4,78.2,2,87.8,630,625,560,0.849802714,-100
180000,m,80.6,74.6,2,67.64,485,440,445,0.356536488,485
330000,m,88,90,2,63.29,580,470,555,0.783303537,-100
505000,m,73,58,2,66,475,215,335,0.3646565,355
200000,f,55,62.2,2,77,430,445,295,0.953899775,425
350000,m,68.6,70,2,71.3,520,535,620,0.376059587,-100
480000,m,84.5,93.6,2,77,435,505,615,0.600057182,435
200000,f,78,64.4,2,70.68,345,465,620,0.600057182,435
140000,m,66,66.66,2,66.22,450,545,765,0.901489571,545
310000,m,70.2,55,2,87,425,485,345,0.942116552,575
90000,m,67,58,2,68,380,340,500,0.2711565,345
500000,f,80,73,2,76.1,495,555,575,0.793580615,495
1200000,m,92.8,87,1,95.3,695,675,725,0.824666401,-100
215000,m,80.13,69.17,2,60.34,590,440,385,0.996744487,475
200000,m,89,95,2,68,360,450,635,0.376059587,-100
120000,f,86,77,2,75,325,510,295,0.3822565,415
445000,m,76.48,77.16,2,79.3,485,485,285,0.694479328,325
180000,m,64,73.2,2,72,505,450,435,0.413838256,385
180000,m,70,43.42,2,54.62,370,360,270,0.649389715,-100
335000,m,93.33,76.66,1,72,650,570,750,-1,515
315000,f,87.8,73.83,2,88,345,475,345,0.843123727,515
355000,f,92,94.9,2,76,595,475,684,0.916869961,555
310000,f,82.3,96.6,2,83,445,565,615,0.694479328,-100
325000,m,82.5,86.3,2,71,415,555,440,0.3954565,385
300000,f,72,62,2,72.18,500,470,445,-1,-100
420000,f,80,83,2,80.67,534,515,485,0.765673581,485
1000000,m,86,70,2,68.31,375,365,465,0.755375121,305
505000,m,70.1,68.6,2,66.52,695,505,605,0.930370607,565
450000,f,90,97.1,2,72.6,635,555,655,0.916869961,555
325000,m,93.6,81,1,76.5,590,595,680,0.493596387,-100
200000,m,74,65.4,2,68,500,580,665,0.765673581,485
300000,f,92.8,83,2,86.7,375,435,425,0.735795709,475
475000,m,85.17,80,2,68.24,465,565,635,0.930370607,565
180000,m,73,69,2,65.5,465,480,415,0.622642916,435
200000,m,72,62,2,68.8,360,355,250,0.563267824,425
115000,m,81.2,65.2,2,68.96,570,530,525,0.622642916,465
120000,m,81.2,78,2,70,485,525,310,0.843123727,515
345000,m,71,62,2,73,570,495,595,0.450876585,395
300000,m,68,65,2,61,265,395,365,0.2920565,-100
330000,m,86.8,77.2,2,77.2,345,445,325,0.3349565,-100
300000,m,72,71,2,72.46,475,360,570,0.563267824,425
310000,m,76,64,2,67,555,450,470,0.486747008,465
145000,m,54.8,61.6,2,73.3,415,645,735,0.968237496,605
415000,m,78.25,74.25,2,73,570,610,575,0.776578324,425
1110000,m,75.4,68.2,2,80,555,535,655,0.916869961,555
380000,m,80.4,81.8,2,71.6,645,635,665,0.864685413,525
305000,f,89,90.6,2,70.4,335,505,630,0.622642916,555
450000,m,73,68.69,2,65.66,355,455,415,0.3976565,-100
215000,f,71,68,2,70.86,430,510,405,0.356536488,465
450000,f,81.4,83.6,2,73,505,515,515,0.635978757,445
250000,f,75,81,2,67,560,410,465,0.622642916,445
405000,m,73,74,2,73.36,595,475,404,0.735795709,475
120000,m,82.28,87.2,2,77.26,560,540,475,-1,655
240000,m,71.5,60,2,68.74,415,355,455,0.3305565,335
530000,m,84,92,2,77.2,475,405,695,0.670743151,455
250000,m,69,61.3,2,69,430,425,295,0.3613565,175
560000,m,92.8,88.66,2,84.13,355,505,615,0.824666401,425
240000,m,79.6,73.6,2,70,535,625,554,0.744758354,565
380000,m,76,76,2,70,505,545,445,0.884122512,535
240000,m,76.7,85.5,2,81,595,375,370,0.486747008,475
180000,m,76.7,83.1,2,79.3,475,395,435,0.3514565,-100
200000,m,78.4,57.8,2,75.89,435,394,324,0.670743151,455
325000,m,93.8,90.4,1,78.53,580,605,590,0.2689565,435
240000,m,65.5,66,2,68.58,675,580,515,-1,-100
200000,f,66.8,64.33,2,75.65,450,580,385,0.744758354,375
400000,m,82.56,81.66,2,73.56,520,525,455,0.655766943,-100
180000,m,64,62,2,75,345,470,365,0.356536488,435
400000,f,78.61,76.33,2,63,485,475,445,0.81941653,505
450000,m,67.7,56.3,2,81.7,360,565,570,0.911395278,575
340000,m,71,58,2,71,545,295,375,0.3423149,365
505000,m,55,69,2,75,365,305,545,0.864685413,525
100000,m,88.2,83.58,2,74.48,395,395,330,0.459015841,-100
1200000,m,59.8,60.25,2,68.63,575,595,405,0.2689565,-100
220000,m,76.4,78.2,2,61.34,575,525,585,0.376059587,305
675000,m,60,59,2,67,515,555,425,0.600057182,435
325000,m,87,78,2,68,435,385,365,0.376059587,335
300000,m,89,71,2,66.8,580,595,665,0.930370607,565
275000,m,70.5,69.5,2,69.36,465,435,425,0.3943565,355
800000,f,93,88,2,81.9,650,620,765,0.911395278,645
480000,m,82.24,78,2,68,415,265,335,0.450876585,395
335000,m,89.9,90.1,2,74.5,525,455,515,0.488347977,405
140000,m,80.64,64.45,2,63.66,605,595,475,0.824666401,365
360000,m,84,75.6,2,68,720,620,590,0.985461394,475
335000,m,68,78,2,63.2,500,555,665,0.978799293,615
145000,m,73,62,2,75,405,545,535,0.953899775,495
150000,m,70.56,57.58,2,67.64,405,385,265,0.3217565,375
300000,f,88.7,63.5,2,78,625,545,575,0.704090412,465
2050000,m,64.28,60,2,62.96,305,425,335,0.486747008,185
360000,m,65.1,71,2,66.8,450,495,545,0.765673581,485
90000,f,88,69.83,2,67.57,560,445,405,-1,-100
105000,m,84,89.5,2,75.86,570,445,405,0.725984148,325
650000,m,88,81.4,2,75.57,705,625,625,0.997427833,705
280000,f,76,60.3,2,61,425,475,435,0.639587383,-100
405000,m,75,70,2,60.6,585,464,525,-1,-100
610000,f,78.5,71,2,75,305,365,525,0.824666401,365
160000,f,68.4,68,2,60.08,415,565,415,0.450876585,395
210000,m,75,73.2,2,64.3,555,545,650,0.735795709,475
385000,m,85.6,77,2,72,515,445,425,0.670743151,455
500000,m,83,77.2,1,72.7,655,455,595,0.901489571,545
290000,m,87.2,91.3,2,82.4,370,495,310,0.3294565,355
525000,m,76,84,2,64,544,535,485,0.413838256,385
325000,m,64.2,90.7,2,82.23,510,605,720,0.960603252,565
100000,m,56,62,2,62,365,355,305,0.3423149,365
360000,m,76,79.9,2,80.6,745,590,475,-1,345
120000,m,78.6,76.7,2,68,500,630,680,0.842248322,475
140000,f,62,61.4,2,66.68,370,455,380,0.684565068,-100
325000,m,88,78,1,64.28,615,605,605,0.600057182,435
120000,f,63,64,2,72.32,290,370,270,0.3349565,295
375000,f,90.6,92.3,2,78.07,625,545,605,0.3316565,445
310000,m,63.4,66.6,2,64,580,560,575,0.765673581,485
300000,f,87.83,94,2,78.18,500,510,570,-1,355
515000,m,85,63.6,2,64.94,555,435,544,0.635978757,445
360000,f,88.8,76.8,1,75,615,670,765,0.910770164,-100
320000,m,87,66,2,63.74,710,495,535,0.953899775,445
600000,m,78,83,1,72.13,444,555,695,0.999904558,804
300000,m,72,67,2,61.8,385,395,525,0.824666401,215
445000,m,86.4,79.8,2,81.9,565,585,655,0.916869961,555
350000,m,82.4,71.3,2,72.6,595,580,635,0.655766943,485
125000,f,84,71,2,64,475,470,415,-1,111
450000,m,85.2,72.4,2,66.13,625,595,605,0.704090412,465
375000,m,91,88,1,70.68,735,535,625,0.995265706,475
60000,m,53.06,60.33,2,71.3,475,505,475,0.4020565,305
290000,m,89.56,85,2,67.45,485,315,545,0.694479328,345
240000,m,78.8,67,2,71,465,440,520,0.3921565,495
350000,f,80,82.4,2,74.27,445,485,655,0.450876585,395
265000,f,79.37,61.6,2,82,395,605,585,0.3778565,445
100000,f,62.26,78.88,2,60.68,515,325,415,0.985461394,-100
450000,f,83.6,74,2,71,615,595,720,0.987207086,645
500000,m,87,92,2,78,590,545,705,0.376059587,-100
220000,f,82.88,87.33,2,77.4,545,505,544,0.2931565,315
350000,f,91.8,85,2,74.7,554,465,525,0.376059587,-100
325000,m,76.4,68.8,2,80.2,665,615,605,-1,515
680000,f,91,85,2,74,465,495,485,0.376059587,385
480000,m,64.3,66.4,2,76.56,580,480,405,0.622642916,535
385000,f,84,79,2,75.99,485,415,615,0.793580615,495
440000,m,84.2,78.8,2,78,544,525,605,0.538386893,-100
420000,m,79.8,78.2,2,69.8,425,625,485,0.2810565,-100
120000,m,51.42,55.44,2,67,345,470,400,0.486747008,455
300000,m,81,81,2,78,360,545,635,0.943272158,-100
430000,m,87.2,79.8,2,82.6,605,495,485,0.377551419,375
180000,m,63,62,2,62.44,380,510,515,0.635978757,445
120000,m,64,57,2,60.34,430,460,485,0.377551419,375
240000,m,63,66,2,61.3,465,575,545,0.3423149,365
230000,m,73,83,2,64,475,335,345,0.377551419,375
500000,m,87.2,71,2,85.5,545,425,500,0.783303537,545
450000,m,85,79,2,75.64,520,500,605,0.901489571,545
115000,f,93.6,69.8,2,68.57,605,485,650,0.953899775,365
160000,m,55.33,62.4,2,67,415,415,425,0.3129565,295
720000,m,87.8,74.4,1,74.7,545,545,590,0.962217011,-100
600000,m,85,89,2,70,475,605,505,0.3877565,-100
100000,m,83.6,74.89,2,67.6,555,535,650,0.971663491,-100
120000,f,77,68,2,83.33,300,510,370,0.356536488,385
180000,m,55,43,2,62,305,415,285,0.3613565,335
180000,f,69.4,72.4,2,78.6,335,515,475,0.864685413,525
700000,f,88,85,1,68,615,605,595,0.525922584,415
150000,m,73,72,2,65,500,520,430,0.493596387,375
110000,m,80,76,2,80.6,735,555,535,0.3228565,-100
440000,m,60.2,66.8,2,69.91,545,400,635,0.843123727,515
180000,m,50,62.23,2,64.4,465,410,465,0.2986565,345
1300000,m,72.5,58.6,2,84.4,595,365,705,0.910770164,455
240000,m,71.6,71,2,60.38,465,395,595,0.824666401,415
275000,f,95.52,94.33,2,83.63,580,620,620,0.968237496,605
300000,f,87.69,83.67,2,65.58,535,575,565,0.649389715,485
205000,m,83,65,2,65,485,385,445,0.783303537,405
100000,m,75.73,69.5,2,64,415,365,335,0.3382565,305
450000,m,73,64,2,63.81,595,385,535,0.3976565,-100
300000,m,75,72,2,80,475,470,415,0.911395278,595
400000,m,69,66,2,64,515,595,575,0.824666401,-100
350000,m,86.8,79.2,2,72.86,440,570,630,0.493596387,545
600000,m,80.4,70.2,2,78,465,455,680,0.953899775,575
90000,f,72,64,2,65.12,525,415,365,0.3569565,325
215000,f,83,72.9,2,68.5,360,325,325,0.3569565,-100
200000,m,73.6,77.8,2,78.84,535,595,665,0.661834476,395
105000,m,73,59,2,55.88,420,385,400,0.356536488,355
300000,f,73,71,2,73.4,575,385,335,0.538386893,285
280000,f,81.2,72.6,2,82.35,510,545,735,0.3536565,415
150000,m,79,83.4,2,73.3,425,515,595,0.600057182,435
200000,m,92,72,2,65,465,425,560,0.824666401,-100
360000,m,75,76.3,2,71.7,325,335,525,0.538386893,385
265000,m,86,61,2,75,570,470,530,0.2920565,355
310000,m,91.17,87.2,2,68.5,555,605,735,0.765673581,485
280000,m,54.5,72.4,2,69.85,345,265,220,0.3635565,155
4000000,m,53,61,2,65,405,455,475,0.525922584,415
300000,f,91.6,86.5,2,80.2,465,510,570,0.783303537,445
155000,m,79.68,65.83,2,79.4,435,554,515,0.490636956,-100
200000,m,80,84,2,61,560,460,465,-1,395
400000,m,82.4,72.4,2,82.48,535,505,615,0.694479328,385
145000,m,68.2,60,2,72.23,440,340,340,0.356536488,415
180000,m,55.6,56.2,2,65.9,380,520,500,0.824666401,-100
300000,m,82.87,60.42,2,67.77,420,400,545,0.3635565,-100
335000,m,73.8,75.4,2,68.56,405,485,680,0.376059587,365
325000,m,88.4,61.8,1,75.5,475,415,415,0.758379883,-100
180000,m,68,74,2,71.2,570,570,530,0.598280692,-100
430000,f,90.4,87,2,77,585,595,675,0.901489571,545
55000,m,75.06,63.4,2,68.41,285,425,165,0.450876585,395
200000,m,64.6,59.8,2,69.02,430,460,415,0.622642916,455
180000,m,59.05,46.33,2,65,324,385,375,0.2931565,215
330000,m,62,62,2,70.49,380,415,530,0.3877565,-100
410000,f,90,96,2,74.39,555,495,590,0.670743151,455
180000,f,58,67,2,73,535,425,485,0.842248322,465
450000,m,85,87,1,87.8,730,610,695,0.976292561,-100
1100000,m,83.8,63.4,2,61.2,665,615,515,0.916869961,555
80000,m,66.66,80.4,2,64.29,525,505,575,0.901489571,545
250000,m,70.14,75.2,2,80.9,650,615,525,-1,615
350000,m,94,84,2,80,355,290,450,-1,-100
180000,m,70.8,65.2,2,72.5,405,520,530,0.376059587,315
325000,m,92.2,75.6,2,81.5,685,565,645,0.953899775,595
180000,m,71.2,60,2,56.72,445,445,465,0.3954565,-100
300000,m,88.7,78.2,2,91,545,520,535,0.459015841,-100
440000,f,86,96,2,79.98,520,610,735,0.4009565,425
430000,m,61,59,2,63,355,565,495,0.930370607,565
180000,m,79.6,50.4,2,52.52,640,520,390,0.953899775,435
550000,m,67.2,60.8,2,71.02,450,535,680,0.735795709,475
255000,m,71.1,71.01,2,69,475,455,575,0.714529363,-100
300000,m,54,64,2,67.3,305,415,415,0.635978757,445
570000,m,60,71,1,73.4,555,515,635,-1,125
180000,m,69.2,64.4,2,67.8,490,360,310,0.436962648,-100
700000,f,82.5,72.4,2,64.8,665,655,635,0.858826695,-100
95000,f,72.75,65.4,2,79,420,520,500,0.953899775,405
325000,m,82.6,88,1,76.26,745,575,680,0.755375121,-100
325000,m,89,85.2,2,68.76,695,655,680,0.755375121,-100
185000,f,67,63.33,2,65.18,420,470,440,0.493596387,315
180000,m,79.4,75.91,2,73.5,415,435,195,0.3404565,315
470000,m,80.2,73,2,73,625,615,575,0.538386893,575
500000,m,85.4,85,2,70.06,695,610,780,0.960603252,-100
350000,f,85.06,76.5,1,83.5,605,640,695,0.991397584,435
170000,f,89,79,2,68,535,495,485,0.525922584,415
325000,m,78.33,61.6,1,71.8,580,455,485,0.744758354,425
210000,m,71.1,64.2,2,74.3,535,445,545,0.976292561,-100
180000,m,65.6,63.2,2,75.9,465,350,295,0.911395278,435
305000,m,68.5,64.5,2,70.3,605,540,465,0.953899775,445
225000,f,67,77,2,74.6,335,495,475,-1,-100
180000,f,92,89,2,83,500,595,385,0.622642916,355
300000,m,93.5,84.5,1,66,730,655,780,0.971663491,-100
505000,m,85,93.8,2,68.5,615,385,645,0.3778565,305
410000,m,90.4,80.4,1,74,325,555,705,0.635978757,445
240000,m,69.5,72,2,68.15,515,465,495,0.952245573,585
600000,m,73.8,55.8,2,55.04,395,405,445,0.376059587,-100
275000,m,60.14,60,2,77,455,485,510,0.622642916,435
330000,m,71.5,70,2,81.3,535,510,475,0.744758354,525
325000,f,75,71.8,2,75.5,585,475,505,0.670743151,455
305000,m,70,73.8,2,79.12,515,555,554,0.864685413,525
300000,f,93,89.4,1,80.6,545,585,575,0.991230625,575
330000,m,78,72,2,73.4,490,470,500,0.3162565,395
180000,m,91.3,88.9,2,74.86,525,545,560,0.486747008,455
500000,m,77,63,2,63,575,415,465,0.735795709,475
250000,m,78.8,64.8,2,57.14,430,350,310,0.3712565,305
430000,m,83,96.2,2,74.26,505,415,535,0.824666401,-100
290000,m,87.04,81.66,2,65.8,625,665,405,0.538386893,-100
300000,m,89.5,92.2,2,75.12,545,580,795,0.942116552,575
350000,m,86.6,80.9,2,76.6,570,510,635,0.884122512,535
400000,m,84.6,80.4,2,72.81,464,585,515,0.704090412,465
350000,m,82,83,1,75.1,510,560,795,0.942116552,575
250000,m,59,72,2,72,475,375,315,0.2909565,305
3000000,m,89,67,2,70,720,530,675,-1,375
240000,m,67,68,2,66,445,475,565,0.450876585,395
210000,f,81,70,2,71,405,395,260,0.622642916,405
70000,m,78.13,56.12,2,74.6,415,475,340,0.694479328,-100
250000,m,88.2,90.67,2,83.93,415,620,750,0.704090412,465
240000,m,60,50,2,69.94,240,340,430,0.4042565,295
200000,m,71.8,68.2,2,76.5,615,590,585,-1,485
80000,m,51.6,52,2,74,510,540,510,0.744758354,485
320000,f,83.66,97.1,2,81.49,554,684,585,0.490636956,-100
180000,m,67.3,63.7,2,75.22,415,510,415,0.3151565,345
105000,m,57,65.8,2,65.23,500,385,370,0.783303537,-100
110000,m,66.8,59.9,2,65.4,265,520,370,0.694479328,-100
325000,f,87,80.5,2,70,485,475,235,0.376059587,-100
400000,m,90.4,82.6,2,75.8,615,520,695,0.864685413,525
120000,m,77,73,2,78,475,505,525,-1,-100
300000,m,85.73,70,2,59.66,510,375,585,0.622642916,395
120000,m,60.8,63,2,68,440,400,310,0.3272565,345
180000,f,70,62,2,64.9,345,425,280,0.356536488,345
420000,m,65.2,60.4,2,65,455,485,645,0.765673581,485
240000,m,62,60.2,2,68.3,500,580,380,0.486747008,485
220000,f,87,60,2,70.82,640,605,400,0.842248322,425
160000,m,80,68,2,63.69,475,565,500,0.875503907,425
200000,f,57,73,2,70.08,500,410,560,0.622642916,385
400000,m,69.5,90.5,2,84.77,405,530,605,0.911395278,665
505000,m,86.37,80.5,2,79.98,570,410,500,-1,495
325000,m,88.4,86.4,1,76,605,665,605,0.916869961,555
430000,m,89.12,74.33,2,77.89,505,585,645,0.990008757,655
250000,m,78,77,2,68.64,505,555,554,0.910770164,275
155000,m,79.2,67.2,2,66.85,510,590,585,0.423951396,-100
325000,m,90,89.4,2,77.85,300,425,705,0.875503907,355
300000,m,58,59,2,70,395,385,525,0.968237496,605
525000,m,78.16,73.2,2,76.54,380,570,650,0.842248322,575
350000,f,92.47,75.5,2,73.81,395,470,455,0.600057182,435
120000,m,80.8,57.33,2,84.77,640,510,340,0.864685413,525
320000,m,74.7,72.4,2,76.1,735,605,605,0.790881795,494
120000,m,65.5,68.2,2,83.2,440,560,635,0.864685413,525
375000,f,91,88,2,84.4,535,425,595,0.2898565,-100
615000,m,91,91.2,2,86,675,655,585,0.783303537,485
110000,f,94.8,84.09,2,72.8,415,455,464,0.3030565,305
110000,m,77.65,69.45,2,76,380,485,530,0.735795709,475
210000,m,71,61,2,74.43,440,435,485,0.755375121,-100
570000,m,93.16,97.9,2,87.94,555,585,750,0.993917312,295
120000,m,76,86,2,65.78,415,340,500,0.824666401,325
315000,m,68.2,76,2,65,535,475,585,0.414337426,-100
350000,m,67.4,62.3,2,64.5,465,465,485,0.2986565,405
300000,m,90.2,79.4,2,63.2,545,435,470,-1,-100
300000,m,86.4,95.8,2,84.85,485,665,705,0.376059587,-100
600000,m,76.33,86.1,2,73.31,415,415,705,0.2898565,365
120000,m,67,61,2,62,500,470,485,0.493596387,345
85000,f,79.23,70.26,2,60.17,605,460,440,0.911395278,445
115000,f,90,93,2,83.7,425,515,395,0.488347977,405
140000,m,88.5,94.1,2,73.2,510,485,460,0.3052565,-100
250000,m,90.8,90.1,2,67.7,525,530,595,0.486747008,485
350000,m,84,85.2,1,78.59,625,605,735,0.376059587,-100
325000,m,75.2,60.2,2,69.54,555,645,515,0.704090412,465
225000,m,76,79.9,2,74,525,475,385,0.81941653,505
440000,f,83.16,77,1,99.93,535,595,620,0.376059587,455
180000,m,77.5,83.2,2,78.39,440,415,385,0.4031565,-100
265000,m,91.9,86.9,2,86.26,565,645,605,0.654107475,415
260000,f,58.56,73,2,61.8,445,465,565,0.376059587,375
385000,f,76,74,2,79,590,450,400,0.356536488,525
365000,m,91.4,83.8,2,76.5,440,500,840,0.538386893,-100
145000,m,85,77.06,2,80.6,545,485,560,0.744758354,625
350000,m,89.6,95.2,2,79.37,405,510,650,0.735795709,475
360000,m,54.5,57.5,2,60,375,345,355,0.2689565,-100
150000,m,71.1,64.5,2,60.05,560,340,390,0.3635565,-100
200000,f,90.6,78.8,2,79.57,830,455,545,0.884122512,535
350000,m,89,84.8,2,73,545,395,415,0.943272158,365
200000,m,78.5,83,2,77.72,350,470,405,0.3954565,355
250000,f,90.2,80.9,2,73.4,370,450,380,0.356536488,335
145000,f,81,77.8,2,65.35,535,510,390,0.3030565,-100
200000,f,78,71,2,85,455,470,440,0.622642916,455
330000,m,86,86,2,66.67,675,610,605,0.895776502,465
400000,f,71,72,2,78,355,375,425,0.735795709,475
150000,m,80.6,84,2,71,585,610,525,0.684565068,335
600000,m,74.4,79,2,62.81,495,495,455,0.968237496,605
415000,m,81.67,69,2,89.2,455,655,595,0.538386893,-100
240000,m,80.33,66.2,2,67.6,395,520,500,0.3514565,495
430000,m,73.33,70.2,2,61.73,375,675,505,0.607034038,-100
2000000,m,79.16,77.4,2,62.4,505,635,525,0.765673581,485
200000,f,93.2,79.75,2,79,325,425,565,-1,295
150000,f,87.8,90.91,2,71.66,370,520,415,0.536782667,415
440000,f,74.4,69.7,2,70.8,475,445,405,0.824666401,-100
380000,m,92.12,81,1,82.2,675,640,530,0.996155971,-100
360000,m,82,70.16,2,85.8,415,245,485,0.563267824,425
120000,m,76,66,2,61.75,630,530,430,0.622642916,395
400000,m,72.3,95,2,70,454,515,625,0.3173565,355
310000,m,73,74,2,69.2,415,635,455,0.793580615,495
280000,m,77,68,2,68,430,640,470,0.2799565,435
180000,m,89,71,2,65.2,615,530,465,-1,405
330000,m,76,89.8,2,62,595,530,630,-1,-100
200000,f,68,74,2,76,360,545,520,0.744758354,415
100000,m,51,48,2,64.7,275,365,395,0.525922584,415
240000,m,69,66,2,70,430,520,590,0.3866565,595
225000,f,67,61.2,2,74,490,520,355,0.704090412,465
300000,f,73,60,2,73,440,400,270,0.991397584,-100
110000,m,66.67,64.08,2,54.62,435,375,405,-1,-100
275000,m,81.6,78.4,2,79.56,510,580,515,0.486747008,585
450000,m,92.2,88.6,2,74.2,580,655,705,0.557389506,415
445000,m,79.86,78.16,2,68.48,455,445,455,0.3899565,-100
330000,m,78.6,79,2,74,675,565,405,0.868736586,335
350000,m,78.6,69.4,2,74.3,420,445,510,0.486747008,505
400000,m,91,84,2,76,675,415,735,0.910770164,-100
330000,m,87.6,79,2,66,455,465,605,0.694479328,-100
240000,m,77,62,2,60.89,605,520,530,0.670743151,455
225000,m,73,57.8,2,50.42,375,435,495,0.2920565,345
275000,m,54,53,2,73,475,495,575,0.563267824,425
105000,m,46.24,52.5,2,73,310,375,295,-1,-100
145000,f,82,76.6,2,82,520,475,560,0.493596387,-100
90000,m,90.24,81.5,2,82,475,415,455,0.824666401,425
205000,m,60,63,2,66.8,425,205,325,0.3866565,-100
560000,m,62.88,77.5,2,70,455,515,405,0.884122512,535
290000,f,88.6,78,2,84,455,560,630,0.3349565,495
360000,m,83.66,93.9,2,73.31,485,640,735,0.930370607,565
420000,m,82.33,90.9,2,82.2,595,510,560,0.3481565,395
360000,m,78.83,90.2,2,74.82,495,395,615,0.376059587,-100
105000,m,79,75.69,2,63.1,475,465,495,0.486747008,375
100000,m,78,62,2,60,525,435,405,0.744758354,415
280000,m,65,67,2,58.4,425,445,355,0.635978757,445
205000,m,82,79.6,2,68,350,520,450,0.783303537,295
350000,m,88,88,2,74.74,490,545,630,0.356536488,575
110000,f,78.67,76,2,72.14,395,470,430,0.998876108,415
110000,m,72,60,2,62.5,560,370,370,0.649389715,-100
315000,m,70,72,2,51.68,435,485,565,0.670743151,455
205000,m,81.86,74.4,2,80.7,560,560,605,0.842248322,595
125000,f,62,60,2,71.65,265,285,320,0.2667565,305
340000,m,77.33,88.5,2,73.14,445,515,535,0.901489571,545
340000,m,67.67,73.8,1,87.7,455,615,725,0.910770164,455
210000,f,71,64,2,73.4,490,400,500,0.356536488,365
205000,f,86,80,2,80.7,475,445,425,0.538386893,-100
300000,m,79.8,78.5,2,61,510,485,475,0.3569565,-100
150000,m,54,63,2,63,355,335,155,0.2997565,295
500000,m,91,97.5,2,78,675,595,665,0.979521744,625
390000,f,81.2,82.8,2,73,525,625,585,0.635978757,445
310000,m,65.56,60,2,61.69,440,595,515,0.765673581,485
370000,m,58,66.4,2,66,335,455,595,-1,305
95000,f,71.6,64.4,2,71.02,475,520,485,0.486747008,405
105000,f,73,66,2,66,465,415,425,0.670743151,455
325000,f,84.6,66.4,1,71,500,500,385,0.413838256,385
300000,m,75,71.5,2,64,615,555,355,0.3954565,-100
300000,m,87,70,2,62,710,555,570,0.622642916,575
250000,m,76,66.66,2,65,500,400,475,0.3888565,375
180000,m,79,81,2,72.04,455,435,554,0.704090412,465
110000,m,76.2,65.2,2,69.1,580,555,585,-1,-100
240000,f,82,83.3,2,76.97,545,450,530,0.704090412,465
120000,m,83.8,70.83,2,70,570,630,635,0.864685413,525
175000,m,87,79.9,2,66.67,350,445,295,0.3206565,-100
455000,m,68,59.2,2,92,544,595,495,0.843123727,515
300000,m,90,81.2,1,70.3,730,585,720,0.557389506,475
420000,m,56,62,2,69,355,425,555,0.824666401,255
300000,m,75,67,2,72,545,535,445,0.990008757,655
240000,m,52.93,64,2,73,325,375,370,0.911395278,495
655000,m,84,82.53,2,66,565,435,555,0.81941653,505
180000,m,62,58,2,60.5,475,375,325,0.2744565,-100
820000,m,81.2,87.6,1,8.89,595,615,794,0.979521744,625
425000,m,78.88,67.67,2,67.75,465,525,405,0.525922584,415
375000,f,85.6,76.4,1,80.26,660,645,695,0.901489571,545
910000,m,61.2,50,2,69.48,535,555,530,0.783303537,425
300000,m,78.83,80.5,1,69.1,595,520,605,0.649389715,475
175000,m,85,67.8,2,67.22,510,500,455,0.649389715,-100
240000,m,67.6,62,2,67,545,580,390,-1,-100
545000,f,82,74,2,74,545,670,530,0.600057182,435
420000,m,80,73,2,71.5,555,375,605,0.694479328,375
455000,m,90,94.4,2,76.12,505,525,595,0.3041565,615
95000,m,67.2,58,2,54.2,435,525,195,0.600057182,435
180000,m,82,81,2,64,435,475,475,0.985461394,305
305000,m,88.8,94.6,2,80.6,510,525,720,0.938399137,345
180000,f,78,78,2,71,395,485,530,0.3305565,345
300000,f,74.62,70,2,75,515,435,375,0.377551419,375
335000,m,83.69,77.83,2,60.5,630,580,510,-1,565
160000,f,75.04,62.16,2,75.67,525,405,375,0.2799565,285
350000,m,82,62,2,62,640,535,590,0.953899775,475
240000,m,64.8,69.4,2,73.8,465,475,385,0.356536488,525
85000,m,70.14,50,2,70,700,570,475,0.842248322,515
360000,m,75,62.8,2,64.7,555,625,535,0.3734565,-100
250000,m,90.08,83.62,2,62.71,560,520,370,0.649389715,445
325000,m,93.8,76,1,72.5,615,415,680,0.3140565,425
85000,f,72.4,63.6,2,65,290,285,270,0.486747008,555
180000,f,66.6,67.3,2,71.08,395,390,555,0.493596387,365
300000,f,89,95,2,83.66,430,485,620,0.864685413,525
180000,m,71,74.2,2,61.1,515,485,445,0.2634565,315
125000,m,58,63,2,68.06,265,340,265,0.3239565,305
315000,m,78.8,71.6,2,73,790,570,750,0.995265706,-100
350000,m,82.6,63.6,2,71,535,525,530,0.735795709,475
270000,m,95.2,78.3,2,73.52,555,560,530,0.840840969,-100
240000,m,78,75,2,73,630,555,570,0.3855565,-100
240000,f,72.2,63,2,71.1,570,415,515,0.3184565,-100
300000,f,84,89.3,2,79,500,375,520,0.356536488,285
400000,m,89,83.5,2,74.5,755,485,555,0.598280692,-100
190000,m,65,64,2,72.14,500,500,370,0.655766943,-100
160000,m,79.6,52,2,60.64,465,460,515,0.488347977,405
120000,m,75,78.5,2,67,395,420,210,0.3943565,305
300000,f,88.3,87,2,70.44,370,535,500,0.635978757,445
420000,f,89.1,96.2,2,85.57,665,625,674,0.960603252,445
240000,m,77,69,2,84.1,490,590,655,-1,385
800000,m,93.44,90,2,87.6,515,475,635,0.942116552,575
220000,f,87.8,74.5,2,78.2,615,500,530,0.978799293,415
120000,m,49,75,2,65,525,455,425,0.525922584,415
310000,m,88.83,70.8,2,65.63,475,615,665,0.3811565,495
145000,m,74,71,2,80.7,500,520,455,0.864685413,525
290000,m,76.8,83.6,2,84.8,665,570,690,0.842248322,395
240000,m,80.4,80.6,2,65.12,545,450,525,-1,275
430000,m,65.33,76.24,2,71.11,515,575,605,0.413838256,385
260000,m,84.43,63.33,2,61.13,665,530,605,0.44619825,425
450000,m,89.6,67,2,75.37,615,595,554,0.998680246,-100
420000,m,87,90,2,75,615,545,475,0.3558565,455
90000,m,71.6,72.8,2,65.1,510,410,250,0.622642916,395
280000,m,82.8,92.4,2,74.5,395,510,605,0.3030565,385
420000,m,65,62,1,68,335,470,415,0.600057182,435
190000,m,92.5,95.2,2,76,395,455,485,-1,455
270000,m,83.6,69.83,2,60,380,580,470,0.3514565,-100
450000,f,85.66,82,2,75,485,645,635,0.884122512,535
195000,f,76.16,74,2,78.9,560,530,235,0.622642916,465
225000,m,86,78,2,64,475,440,515,0.3228565,355
355000,m,78.93,65,2,67.63,535,535,455,0.600057182,435
120000,m,50,57,2,65.06,395,425,425,0.744758354,385
450000,f,94.4,87,2,80.9,625,585,465,0.655766943,-100
320000,m,75,67.75,2,72.9,415,280,365,0.911395278,285
705000,m,90,92,2,76.4,695,450,665,0.538386893,485
165000,m,62.5,60,2,72,465,540,465,0.3712565,335
120000,m,74.8,79,2,71,735,565,370,-1,525
180000,m,66,65,2,58.82,250,425,415,0.538386893,345
305000,m,85.73,69,2,74.9,535,555,710,0.3976565,495
500000,m,77.92,83.6,2,91.6,465,485,555,0.985461394,445
150000,m,69,50,2,66,394,265,445,0.376059587,155
145000,m,86,73,2,65,520,520,400,0.488347977,405
175000,m,68.3,81.3,2,76,385,435,570,0.943272158,-100
180000,f,86.4,81.6,1,75.2,445,635,605,0.968237496,605
300000,m,62.5,68,2,74,395,285,475,0.995265706,-100
450000,m,74,66,2,80.07,595,515,495,0.735795709,475
300000,m,65,65.4,1,67.72,490,615,725,0.744758354,595
520000,m,65.8,65,2,65,525,455,535,0.3481565,355
1100000,m,85.6,83.6,1,74.64,635,585,625,0.974396113,615
415000,m,78.2,80.6,2,71.72,450,450,705,0.765673581,485
325000,f,88.25,79.57,2,87.7,465,495,450,0.493596387,385
225000,f,72,69,2,72,505,345,365,0.3423149,365
150000,f,64.8,75.2,2,67.2,430,455,320,0.3074565,-100
400000,m,80.6,80.7,2,72.5,625,525,635,0.493596387,435
145000,m,80,90.6,2,61,345,495,575,0.4031565,-100
100000,f,88.64,61.92,2,74.83,535,370,320,0.3690565,255
240000,f,80,79.2,2,71.4,395,420,270,0.486747008,415
275000,m,75.12,60,2,66.38,405,425,505,0.2865565,-100
150000,f,72.5,53.2,2,68,510,495,405,0.8295846,-100
300000,f,81,70,2,68,525,505,465,0.486747008,315
120000,m,73,54.2,2,66.55,430,420,545,0.486747008,435
120000,m,69,70,2,76,580,655,570,0.953899775,445
100000,f,67.23,65.5,2,61,385,420,370,0.843123727,515
140000,m,64,58.4,2,73,505,565,465,0.413838256,385
120000,m,72,69,1,70,555,365,565,0.3932565,-100
180000,m,71.5,68,2,69,450,620,430,0.486747008,405
250000,m,66,62,2,75,335,325,270,0.563267824,425
440000,f,79,83.4,2,72.7,535,485,525,0.376059587,-100
330000,m,69.6,74.6,2,70.85,545,580,720,0.901489571,545
95000,m,77.88,81.5,2,52.52,630,580,485,0.436962648,395
350000,m,89,91,2,87.4,520,585,485,0.901489571,545
150000,m,80,59,2,69.76,465,475,465,0.538386893,345
140000,m,89.3,76.4,1,76.91,535,465,605,0.538386893,-100
410000,f,84,71.83,2,61.32,495,535,425,0.4009565,-100
215000,m,44.16,62,2,71.6,500,510,415,0.974396113,615
200000,m,85.4,88.7,2,62,455,425,545,0.538386893,-100
325000,m,81.8,81.2,1,74.64,605,620,665,0.976292561,555
200000,m,73,62.12,2,63.02,500,460,510,0.622642916,-100
1300000,m,68.8,61.6,1,72,435,505,635,0.53586282,375
450000,m,83.33,85.6,2,73.59,625,605,525,0.910770164,445
390000,f,85.8,77.4,2,60.87,555,610,650,0.538386893,-100
345000,m,72.12,78,2,75,420,445,740,0.2777565,415
845000,m,75.46,53.83,1,57.98,575,585,625,0.884122512,535
225000,m,71,64.6,2,65.6,325,440,380,0.493596387,-100
180000,m,78.4,81.5,2,71.8,375,425,475,0.538386893,-100
560000,m,86.5,90.6,2,79.6,505,615,615,0.916869961,555
45000,m,62,60.2,2,70,310,495,500,0.694479328,395
565000,m,92.83,88,2,74.96,650,645,680,0.996155971,-100
150000,m,58,47.2,2,75,395,404,385,0.864685413,525
280000,m,61.1,60,2,65.62,360,470,195,0.450876585,395
325000,m,74.2,61,2,71,395,585,445,0.356536488,455
270000,m,81.92,61.46,2,64.7,565,465,415,0.843123727,515
300000,m,88,90,2,73.14,500,495,665,0.991230625,535
180000,m,57,58,2,74.8,520,595,515,0.842248322,605
190000,m,73.83,72.31,2,73,560,540,545,0.744758354,525
375000,m,79,66,2,90,535,445,525,0.600057182,435
305000,f,83,79,2,70,430,410,310,0.3404565,305
400000,m,91,87.2,2,87.9,440,425,560,0.3448565,335
300000,m,81.5,77.5,2,74.6,510,525,680,0.901489571,545
325000,f,74.6,83.75,2,70,325,375,335,0.3767565,345
240000,m,62.34,59,2,66.66,565,395,555,0.2832565,-100
420000,m,88,93.5,2,72.56,495,575,645,0.952245573,585
100000,f,74.4,71,2,75.88,375,395,375,0.600057182,435
335000,m,70.76,70.33,2,63.5,500,375,295,0.694479328,-100
550000,m,69.16,65.66,1,77.5,395,435,645,0.990008757,655
180000,m,91.8,82.7,1,75.39,580,640,720,0.971663491,-100
270000,m,49,52,2,68,545,375,565,0.704090412,465
325000,m,60.5,72.15,2,81,345,410,500,0.670743151,455
120000,m,72.1,77.2,2,68.9,405,565,475,0.486747008,445
240000,m,85.2,64,2,69,450,435,470,0.3822565,465
105000,m,48.5,59.77,2,64,335,515,565,0.942116552,575
250000,f,70,61,2,70,405,410,325,0.3426565,195
145000,m,72,54,2,64,335,535,400,0.486747008,395
250000,m,63.2,62.6,2,6.45,505,575,435,0.824666401,-100
200000,m,84.2,78.2,2,72.52,665,575,645,0.824666401,-100
240000,m,81,67,2,65,430,340,415,0.744758354,475
215000,f,89,86,2,83,395,345,485,0.563267824,425
505000,m,86,83.8,2,71.4,445,675,655,0.992259189,665
415000,m,80.2,79.8,2,75.72,415,435,554,0.978855302,-100
405000,m,77,60.2,2,68.5,570,475,500,0.488347977,405
235000,m,50.5,55,2,64.5,475,435,440,0.622642916,295
690000,f,88,81.8,1,75.43,675,674,684,0.960903087,595
200000,m,78,69,2,68,675,545,525,0.3481565,395
430000,m,74,82.3,2,75.5,435,615,525,0.952245573,585
400000,m,68,65,2,61.5,525,545,405,0.2832565,-100
100000,f,84.2,86.3,2,75.27,430,545,645,0.978799293,625
400000,m,90.5,95.3,2,88.8,735,565,554,0.843123727,515
225000,m,82.25,83.6,2,82.9,440,680,665,0.493596387,-100
160000,m,83,66,2,81,555,595,515,0.864685413,525
120000,m,79.8,74.5,2,74.3,255,365,315,0.2788565,225
215000,m,74,64,2,76,510,400,324,-1,104
445000,m,70,83.3,2,68.5,385,545,605,0.864685413,525
325000,m,90,94.5,2,72,365,395,455,0.824666401,395
300000,m,87.2,87.14,2,77,605,590,535,0.356536488,465
100000,f,87.5,95.3,2,80.95,425,465,535,0.538386893,335
130000,m,71.76,61.5,2,70.09,430,365,355,0.414337426,-100
275000,m,87.4,82.2,2,79.68,380,510,325,0.2997565,355
315000,m,78,84,2,85.78,325,435,545,0.842248322,485
280000,m,80.5,81.5,2,80,440,625,510,0.952245573,585
200000,m,60.8,62.4,2,60,495,425,645,0.538386893,385
315000,m,75.4,68.8,2,79,440,565,430,0.356536488,255
230000,m,60.7,65.66,2,77.7,545,535,470,-1,-100
480000,f,89.8,83.8,2,70,535,455,525,0.843123727,515
630000,m,80,70,2,66,555,425,325,0.824666401,455
405000,m,82.8,73.11,2,71.81,510,495,340,0.538386893,-100
120000,m,78.44,70.14,2,76,490,520,430,0.744758354,475
305000,f,92,89,2,64.08,800,475,695,0.356536488,535
425000,m,87.3,94.2,2,79.51,435,435,495,0.2953565,545
305000,m,80.2,63,2,88.2,454,435,425,0.525922584,415
335000,m,72.67,68.2,2,72.95,570,450,665,0.735795709,475
200000,m,74,74,2,73,465,415,305,0.450876585,395
325000,m,70,84,2,71,675,480,570,0.3360565,495
700000,m,72.33,67,2,70.84,535,470,620,0.953899775,495
75000,m,91.2,89,2,79.8,570,580,355,0.3976565,-100
195000,m,64.83,56.6,2,63.24,454,455,615,0.538386893,235
375000,f,89,97.6,2,80,505,495,525,0.735795709,475
145000,m,84,68,2,72,580,570,385,0.3514565,335
95000,m,82,87,2,70,675,625,595,0.704090412,465
500000,m,82,81,2,64,625,585,530,0.376059587,-100
300000,f,72,60,2,72.5,500,360,510,0.356536488,405
600000,m,92,90.66,2,82.53,675,555,635,0.824666401,-100
300000,m,87,84,1,75,545,485,545,0.3855565,-100
625000,m,65,75,2,65,465,375,585,0.985461394,485
370000,f,90,83.2,2,88.1,630,580,560,-1,465
200000,m,78.6,88.5,2,73,500,495,575,0.758379883,455
315000,m,80,65.2,2,68.96,640,555,620,0.622642916,615
180000,m,78,80.9,2,65,465,485,330,0.868736586,215
180000,m,83.33,92.2,2,72.85,580,565,510,0.3206565,435
400000,f,62.93,66,2,53.78,455,555,615,0.670743151,455
470000,m,89,78,2,80,645,535,615,0.985461394,465
205000,f,74,61.1,2,71,500,460,235,0.3008565,275
2300000,m,84.67,77.1,2,76.5,545,675,655,0.910770164,405
275000,m,88,92.3,2,90,455,485,500,0.493596387,435
325000,m,93.4,89.4,2,75.4,605,645,720,0.557389506,555
350000,m,83.2,72.3,2,68,545,620,515,0.960903087,595
525000,m,92,82.4,2,78.5,615,630,765,0.2854565,505
120000,f,82,86,2,81,405,375,585,0.704090412,465
325000,m,67.42,85.5,2,75.04,590,520,605,0.842248322,515
335000,f,82.4,69.16,2,84,615,470,470,0.744758354,365
205000,m,74,69,2,72,545,565,415,0.486747008,395
345000,m,72.8,65.4,2,70.59,425,515,475,0.744758354,525
315000,f,82,86,2,82,510,595,355,0.884122512,535
205000,f,79,72.5,2,66.43,525,360,370,0.3976565,-100
100000,m,72,73,2,70.6,405,545,280,0.3987565,455
240000,m,87.33,93.7,2,74.64,475,570,585,0.3822565,635
300000,f,78,69,2,78,535,350,515,0.3063565,-100
100000,m,88,92.5,2,77,485,560,505,0.493596387,335
330000,m,84.4,75.6,2,79,535,610,735,0.960603252,-100
245000,f,83,87,2,73.94,615,535,210,0.991230625,515
300000,f,93.4,75,2,63.7,655,615,615,0.884122512,535
400000,m,74.5,79.7,2,70,415,495,515,0.538386893,455
230000,f,75.3,76.5,2,72.56,500,290,330,0.488347977,405
240000,m,91,91,2,80.6,475,520,765,0.486747008,525
150000,m,70.2,61.8,2,69,455,370,485,0.622642916,395
630000,m,84.16,80.4,2,63.6,535,475,415,0.3811565,365
180000,m,65.17,70.2,2,65.66,335,395,455,0.525922584,415
515000,f,86.6,92,2,77.96,495,555,425,0.793580615,495
240000,f,67.25,63.4,2,69.97,455,565,565,0.694479328,365
325000,m,71.32,75.69,2,72.6,485,435,445,0.53586282,-100
880000,m,81.6,87.6,1,76.48,465,605,555,0.930370607,565
150000,m,81.4,91.25,2,75,395,390,280,0.2755565,-100
525000,m,77.86,64.33,2,70,590,555,590,0.990008757,655
220000,f,66.33,60,2,67.38,580,595,520,0.3129565,345
145000,m,64,60.01,2,60,500,425,250,0.3305565,-100
380000,m,81.4,82.8,2,73.5,465,580,680,0.990008757,655
220000,f,86,88,2,73,405,350,310,0.3316565,355
300000,m,84,72,2,83.8,770,460,465,0.995464719,685
345000,m,56,58,2,78,710,500,470,0.930370607,565
1000000,m,84,81,2,73.3,735,570,740,0.842248322,755
170000,f,67,67,2,72,450,460,340,0.649389715,455
320000,m,78.17,77.85,2,76.85,675,495,545,0.997698261,-100
115000,m,76,70,2,76,575,554,375,0.3162565,345
300000,m,88.5,95.2,2,78.36,465,520,525,0.725984148,-100
455000,m,78.28,53.55,2,53.78,545,465,425,0.413838256,385
350000,f,68.2,55.2,2,69.92,545,535,655,0.930370607,565
490000,f,87.2,75,2,71.4,605,635,565,0.901489571,545
360000,m,86.33,86.33,2,66.93,370,400,485,0.377551419,375
120000,m,82,72,2,64,455,425,365,0.563267824,425
470000,m,85,84,2,61,585,405,505,0.635978757,445
240000,m,90.6,78,1,62,710,565,690,0.3140565,395
200000,m,73,61,2,68.9,520,390,320,0.622642916,415
240000,m,53.6,61.2,2,65.24,385,565,525,0.538386893,415
200000,m,79.8,66.8,2,73.12,580,510,340,0.953899775,375
380000,m,77,73.4,2,77.07,355,455,515,0.563267824,425
200000,m,61,61.8,2,62.2,395,565,475,0.670743151,455
550000,m,82,88.4,2,72.46,660,460,635,0.661834476,-100
240000,m,82.46,79.67,2,69.46,395,495,470,0.971663491,-100
330000,m,85.4,68,1,69.4,765,640,680,0.875503907,395
200000,m,71,69,2,64.28,500,460,545,0.943272158,-100
280000,m,52.09,55.5,2,61.5,365,334,475,0.3118565,345
360000,f,84,94,2,82.24,565,505,515,0.901489571,545
380000,m,75.4,67.6,2,62.7,545,570,470,0.3800565,335
300000,m,86,85.4,2,75.3,755,520,655,0.2700565,405
575000,m,89,95.3,2,74.8,485,445,595,0.793580615,495
105000,m,66.5,68.77,2,77.04,430,570,470,0.356536488,635
110000,m,69,51.3,2,72,430,395,235,0.744758354,455
500000,m,85.4,71.6,2,84,555,620,575,0.911395278,725
145000,m,78.6,64.8,2,63.7,615,520,535,0.744758354,455
325000,f,86.6,88.5,2,67.17,465,510,520,-1,465
500000,m,88.8,96.5,2,81,365,385,425,0.3426565,345
100000,f,83.8,88.4,2,68,440,510,445,0.735795709,475
120000,m,63.6,60.8,2,68,440,460,405,0.486747008,385
410000,f,80.83,92.2,2,78.85,445,605,625,0.843123727,515
325000,m,58,60,2,66,345,335,445,0.3811565,-100
390000,m,77.4,78.8,2,74,675,655,615,0.538386893,-100
480000,m,88,80,2,78,455,684,635,0.974396113,615
315000,m,77.8,78,2,76,640,520,570,0.2832565,-100
150000,f,76,77,2,73,445,375,565,0.600057182,435
200000,m,85,75,2,60,675,480,500,0.842248322,425
425000,m,72.8,61.33,2,70.05,440,495,430,0.911395278,515
300000,m,79.38,74.4,2,75.9,510,545,590,0.974396113,615
350000,m,83.4,77,2,76,415,555,440,0.2887565,355
400000,m,90,71.5,2,76.5,554,695,685,0.3767565,425
100000,m,56.5,56.8,1,79.29,370,525,545,0.960903087,595
200000,m,69,65.8,2,81,520,555,605,0.414337426,-100
4000000,m,90.83,88.77,1,72.6,675,685,585,0.990008757,655
145000,m,82.3,73.2,2,71.1,545,520,390,0.725984148,375
180000,m,66,63.4,2,70.7,570,595,530,0.488347977,405
1300000,m,80,90,2,71.8,495,425,575,0.765673581,485
360000,f,90.8,88,2,81.5,395,525,605,0.982057124,-100
820000,m,82.4,76,2,82,585,665,715,0.538386893,-100
120000,f,84,78,2,70,675,555,690,0.735795709,475
300000,m,89.8,66.6,2,56.3,555,205,435,-1,-100
190000,m,58.7,50.3,2,62.5,355,375,265,0.3668565,205
325000,m,70,75,2,68,440,585,560,0.911395278,535
210000,m,74.6,63.6,2,69.92,535,485,565,0.661834476,335
240000,m,61,48,2,68.16,505,505,445,0.3778565,315
430000,f,82,73,2,63,485,355,555,-1,-100
530000,m,88.64,65.16,2,74.81,465,645,505,0.901489571,545
350000,f,78.4,79,2,75,575,485,495,0.600057182,435
150000,m,78.8,70.4,2,73,465,510,370,0.649389715,-100
100000,m,68,68,2,80,440,385,415,0.2667565,-100
240000,m,60,64,2,70,595,425,425,0.525922584,415
120000,f,75,73,2,70,505,485,445,0.538386893,245
325000,f,87,67,2,71,345,395,435,0.824666401,-100
470000,m,80.67,75.67,2,81.4,515,365,535,-1,-100
330000,m,74.8,80.1,2,79.1,640,470,565,0.765673581,485
200000,m,82,84.4,2,70,405,495,500,0.903940782,315
105000,m,69.2,58.6,2,63,605,435,505,0.538386893,305
115000,m,79,79.4,2,68.58,510,560,720,0.459015841,355
320000,m,89.5,81.4,2,60,735,510,585,0.725984148,-100
180000,m,69,52,2,64,454,475,465,0.824666401,-100
280000,m,78,91,2,64.62,405,425,380,-1,405
380000,m,88.8,93,2,88,650,610,385,0.901489571,545
300000,m,74.7,73,2,76,440,530,390,0.744758354,585
235000,m,78.16,64.83,2,63.65,560,510,450,-1,-100
200000,f,75.67,74.4,2,74.01,385,555,445,0.635978757,445
300000,m,88.4,91.5,1,75.2,605,485,650,0.3822565,425
180000,f,74,84.4,2,74.49,545,525,615,0.444617717,435
220000,f,92.8,82.3,2,78,475,555,695,0.670743151,455
310000,m,93.3,93.5,2,84,675,630,590,0.903940782,485
180000,m,86.2,73.4,2,64.5,605,500,590,0.2854565,-100
470000,m,70.4,69.2,2,70,565,635,715,0.884122512,535
500000,m,84.33,79.82,1,84.4,585,555,665,0.694479328,-100
265000,m,71.2,72,2,76.9,430,530,630,0.996744487,645
325000,m,63,64,2,70.9,455,475,475,0.842248322,635
300000,f,80,78,2,80.35,500,505,565,0.622642916,495
120000,m,68.6,64.3,2,73.5,505,575,475,0.694479328,-100
450000,f,91.6,90.2,2,74,615,610,680,0.978799293,495
235000,f,91,80,2,76,535,475,415,0.538386893,-100
335000,m,82.9,91.5,2,88.2,505,605,445,0.2942565,-100
320000,m,80.33,83,2,80,490,445,465,0.924609939,-100
150000,m,62,59.4,2,60,365,365,395,0.2645565,305
330000,m,66,74,2,75.5,310,460,620,0.783303537,-100
240000,m,75.4,74.7,2,63.1,665,665,635,0.670743151,455
350000,f,72.3,79.8,2,80,485,460,445,0.3085565,-100
505000,m,80.6,91,2,73.06,485,505,375,0.635978757,445
300000,m,78.4,69.4,2,69.53,590,450,485,0.960603252,-100
